name,connectivity,NR-AR,NR-AR-LBD,NR-AhR,NR-Aromatase,NR-ER,NR-ER-LBD,NR-PPAR-gamma,SR-ARE,SR-ATAD5,SR-HSE,SR-MMP,SR-p53
(+)-PULEGONE,NZGWDASTMWDZIW,,,0,,,0,0,0,0,0,0,0
(R)-BICALUTAMIDE,LKJPYSCBVHEWIU,0,0,0,0,0,0,,1,0,0,1,0
"1,1-DICHLOROETHENE",LGXVIGDEPROXKC,0,0,0,0,0,0,0,0,0,0,0,0
"1,2,3-TRICHLOROPROPANE",CFXQEHVMCRXUSD,0,0,0,0,1,0,0,0,0,0,0,0
"1,4-DICHLOROBENZENE",OCJBOOLMMGQPQU,0,0,0,0,0,0,0,0,0,0,0,0
17-METHYLTESTOSTERONE,GCKMFJBGXUYNAG,1,1,0,0,1,1,0,,0,0,0,1
"2,3,7,8-TETRACHLORODIBENZO-P-DIOXIN",HGUFODBRKLSHSI,0,0,1,,0,0,0,1,0,0,,0
"2,4-DIAMINOPHENOL",XIWMTQIUUWJNRP,0,0,0,0,,0,0,0,0,0,1,0
2-ACETYLAMINOFLUORENE,CZIHNRWJTSTCEX,0,0,1,,1,0,0,1,1,0,1,0
2-AMINO-4-NITROPHENOL,VLZVIIYRNMWPSN,0,0,1,,0,0,0,1,0,0,1,0
2-NITROANISOLE,CFBYEGUGFPZCNF,0,0,0,0,0,0,0,0,0,0,0,0
"3,3'',4'',5-TETRACHLOROSALICYLANILIDE",SJQBHPJLLIJASD,0,,1,,,,,,0,1,1,1
"3,3'',5-TRIIODO-L-THYRONINE",AUYYCJSJGJYCDS,0,0,1,0,1,1,0,0,0,0,1,0
3-ACETAMIDOPHENOL,QLNWXBAGRTUKKI,0,0,0,0,0,0,0,0,0,0,0,0
3-CHLOROANILINE,PNPCRKVUWYDDST,0,0,0,0,0,0,0,0,0,0,0,0
3-METHYLCHOLANTHRENE,PPQNQXQZIWHJRB,0,0,1,,,,,1,0,,1,0
"4,4''-METHYLENEDIANILINE",YBRVSVVVWCFQMG,0,0,1,0,0,0,0,0,0,0,0,0
4-CHLORO-2-NITROANILINE,PBGKNXWGYQPUJK,0,0,,0,,0,0,0,0,0,1,0
4-CHLOROANILINE,QSNSCYSYFYORTR,0,0,1,0,0,0,,0,0,0,0,0
4-METHYLPYRAZOLE,RIKMMFOAQPJVMX,0,0,0,0,0,0,0,0,0,0,0,0
4-NITROBENZOIC ACID,OTLNPYWUJOZPPA,0,0,0,0,0,0,0,0,0,0,0,0
4-NITROTOLUENE,ZPTVNYMJQHSSEA,0,0,0,0,0,0,0,0,0,0,0,0
4-NONYLPHENOL,IGFHQQFPSIBGKE,0,0,0,,1,0,0,,0,0,,0
4-OCTYLPHENOL,NTDQQZYCCIDJRK,0,0,0,,1,0,0,,0,,1,0
5-FLUORO-2'-DEOXYURIDINE,ODKNJVUHOIMIIZ,,,0,0,0,0,,1,0,0,0,1
6-MERCAPTOPURINE,GLVAUDGFNGKCSF,0,0,1,,0,0,,1,0,0,0,1
ABAMECTIN,RRZXIRBKKLTSOM,0,0,0,0,0,0,,1,0,0,1,0
ACECLOFENAC,MNIPYSSQXLZQLJ,0,0,0,0,0,0,1,0,0,0,,0
ACEMETACIN,FSQKKOOTNAMONP,0,0,0,0,0,0,,0,0,0,,0
ACETAMINOPHEN,RZVAJINKPMORJF,0,0,0,0,0,0,0,0,0,0,0,0
ACETAZOLAMIDE,BZKPWHYZMXOIDC,0,0,0,0,0,0,0,0,0,0,0,0
ACETONE,CSCPPACGZOOCGX,0,0,0,0,0,0,0,0,0,0,,0
ACONITINE,XFSBVAOIAHNAPC,0,0,0,0,0,0,0,,0,,0,0
ACROLEIN,HGINCPLSRVDWNT,0,0,0,0,0,0,0,1,0,0,0,0
ACYCLOVIR,MKUXAQIIEYXACX,0,0,0,0,0,0,0,0,0,0,0,0
ALBENDAZOLE,HXHWSAZORRCQMX,0,,1,,1,0,0,0,1,1,1,1
ALENDRONIC ACID,OGSPWJRAVKPPFI,,,,,,,,0,,0,,
ALLOPURINOL,OFCNXPDARWKPPY,0,0,0,0,0,0,0,0,0,0,0,0
ALLYL ALCOHOL,XXROGKLTLUQVRX,0,0,0,0,0,0,0,0,0,0,0,0
ALPRAZOLAM,VREFGVBLTWBCJP,0,0,0,,,0,,,1,,0,0
ALTRETAMINE,UUVWYPNAQBNQJQ,0,0,0,0,0,0,0,0,0,0,0,0
AMANTADINE,DKNWSYNQZKUICI,0,0,0,0,0,0,0,0,0,0,0,0
AMIKACIN,LKCWBDHBTVXHDL,0,0,0,0,1,0,0,0,0,0,0,0
AMILORIDE,XSDQTOBWRPYKKA,0,0,1,0,0,0,0,1,0,0,0,1
AMINOCAPROIC ACID,SLXKOJJOQWFEFD,,,,,,,,0,,0,,
AMINOGLUTETHIMIDE,ROBVIMPUHSLWNV,0,0,0,1,0,0,0,0,0,0,0,0
AMINOSALICYLIC ACID,WUBBRNOQWQTFEX,0,0,0,0,0,0,0,0,0,0,0,0
AMIODARONE,IYIKLHRQXLHMJQ,0,0,0,0,0,0,,0,0,,,0
AMITRAZ,QXAITBQSYVNQDR,0,0,1,,0,0,0,0,0,0,1,0
AMITRIPTYLINE,KRMDCWKBEZIMAB,0,0,0,0,0,0,,0,0,0,,0
AMLODIPINE,HTIQEAQVCYTUBX,0,1,0,1,0,,1,,0,,,1
AMOXAPINE,QWGDMFLQWFTERH,0,0,0,1,0,,0,0,0,,,
AMOXICILLIN,LSQZJLSUYDQPKJ,0,0,0,0,0,0,0,,0,,0,0
AMPICILLIN,AVKUERGKIZMTKX,0,0,0,0,0,0,0,0,0,0,0,0
AMPIROXICAM,LSNWBKACGXCGAJ,,,,,,,,0,,0,,
AMPRENAVIR,YMARZQAQMVYCKC,0,0,0,0,,0,0,,0,,0,0
ANASTROZOLE,YBBLVLTVTVSKRW,0,0,0,1,0,0,0,0,0,0,0,0
ANISINDIONE,XRCFXMGQEVUZFC,,,,,,,,0,,0,,
ANTIPYRINE,VEQOALNAAJBPNY,0,0,0,0,0,0,0,0,0,0,0,0
ARTEMETHER,SXYIRMFQILZOAM,0,0,0,0,0,0,0,,0,,0,0
ARTEMISININ,BLUAFEHZUWYNDE,,,,,,,,,,0,,
ASCORBIC ACID,CIWBSHSKHKDKBQ,0,0,0,0,,0,0,0,0,0,0,0
ASPIRIN,BSYNRYMUTXBXSQ,0,0,0,0,0,0,0,0,0,0,0,0
ATENOLOL,METKIMKYRPQLGS,0,0,0,0,0,0,0,0,0,0,0,0
ATORVASTATIN,XUKUURHRXDUEBC,0,0,0,1,1,0,0,,0,0,,0
ATROPINE,RKUNBYITZUJHSG,0,0,0,0,0,0,0,0,0,0,0,0
AURANOFIN,SFOZKJGZNOBSHF,0,,,,,1,,,1,,,
AZARIBINE,QQOBRRFOVWGIMD,,,,,,,,0,,0,,
AZASETRON,WUKZPHOXUVCQOR,0,0,0,,0,0,0,0,0,0,0,0
AZATHIOPRINE,LMEKQMALGUDUQG,0,0,1,,0,0,0,1,0,0,,1
AZITHROMYCIN,MQTOSJVFKKJCRP,0,0,0,0,0,0,0,,0,0,0,0
AZLOCILLIN,JTWOMNBEOCYFNV,0,0,0,0,0,0,0,,0,,0,0
AZTREONAM,WZPBZJONDBGPKJ,0,0,0,0,0,0,0,0,0,0,0,0
BACITRACIN,CLKOFPXJLQSYAH,0,0,0,0,1,0,0,,0,,0,0
BACLOFEN,KPYSYYIEGFHWSV,0,0,0,0,0,0,0,0,0,0,0,0
BALSALAZIDE,IPOKCKJONYRRHP,0,0,0,0,0,0,0,0,0,0,,0
BENAZEPRIL,XPCFTKFZXHTYIP,,,,,,,,,,1,,
BENZETHONIUM CHLORIDE,SIYLLGKDQZGJHK,0,,0,,,0,0,1,,,1,
BENZOCAINE,BLFLLBZGZJTVJG,0,0,,,,0,0,0,0,0,0,0
BENZOIC ACID,WPYMKLBDIGXBTP,0,0,0,0,0,0,0,0,0,0,0,0
BENZOTHIAZYL DISULFIDE,AFZSMODLJJCVPP,0,0,0,0,0,0,0,1,0,1,0,0
BENZYL ACETATE,QUKGYYKBILRGFE,0,0,0,0,0,0,0,0,0,0,0,0
BETA-ESTRADIOL,VOXZDWNPVJITMN,1,1,0,1,1,1,0,0,0,0,1,1
BETA-ESTRADIOL 3-BENZOATE,UYIFTLBWAOGQBI,1,1,0,0,1,1,0,,0,,,0
BETA-NAPHTHOFLAVONE,OUGIDAPQYNCXRA,,0,1,1,1,0,0,1,1,0,,0
BETAHISTINE,UUQMNUMQCIQDMZ,,,,,,,,,,0,,
BETAMETHASONE,UREBDLICKHMUKA,1,1,,,0,0,0,0,0,0,0,0
BEZAFIBRATE,IIBYAHWJQTYFKB,0,0,0,0,0,0,1,0,0,0,0,0
BIS(2-ETHYLHEXYL)PHTHALATE,BJQHLKABXJIVAM,0,0,0,0,0,0,0,0,0,0,,0
BISACODYL,KHOITXIGCFIULA,0,0,0,,,,0,0,0,0,1,1
BISPHENOL A,IISBACLAFKSPIT,0,0,,0,1,1,,1,0,0,1,0
BITHIONOL,JFIOVJDNOJYLKP,0,0,0,,,0,,0,0,1,1,1
BROMFENAC,ZBPLOVFIXSTCRZ,0,0,0,0,0,0,1,0,0,0,,0
BROMHEXINE,OJGDCBLYJGHCIH,0,0,,0,,0,0,0,0,0,,
BROMISOVALUM,CMCCHHWTTBEZNM,0,0,0,0,0,0,0,1,0,0,0,0
BROMOBENZENE,QARVLSVVCXYDNA,0,0,0,0,0,0,0,0,0,0,0,0
BROMODICHLOROMETHANE,FMWLUWPQPKEARP,,,0,0,,0,0,0,0,0,0,0
BUFLOMEDIL,OWYLAEYXIQKAOL,0,0,0,0,0,0,0,0,0,0,0,0
BUPROPION,SNPPWIUOZRMYNY,0,0,0,0,0,0,0,0,0,0,0,0
BUSPIRONE,QWCRAEMEVRGPNT,0,0,0,0,0,0,0,1,0,0,0,0
BUSULFAN,COVZYZSDYWQREU,0,0,0,0,1,0,0,0,0,0,0,0
BUTENAFINE,ABJKWBDEJIDSJZ,0,0,0,0,0,0,0,0,0,0,0,0
CADMIUM ACETATE,QTBSBXVTEAMEQO,0,0,0,0,0,0,0,0,0,0,0,0
CADMIUM CHLORIDE,WLZRMCYVCSSEQC,0,0,1,,0,0,0,0,1,1,0,0
CAFFEINE,RYYVLZVUVIJVGH,0,0,0,0,0,0,0,0,0,0,0,0
CALCITRIOL,GMRQFYUYWCNGIN,0,0,,0,,0,,,,,1,
CANDESARTAN,HTQMVQVXFRQIKW,,,,,,,,0,,0,,
CAPSAICIN,YKPUWZUDDOIDPM,0,0,0,1,0,0,0,1,0,0,0,0
CAPTOPRIL,FAKRSMQSSFJEIM,,,,,,,,0,,0,,
CARBACHOL,VPJXQGSRWJZDOB,0,0,0,0,0,0,,0,0,0,0,0
CARBAMAZEPINE,FFGPTBGBLSHEPO,1,1,0,0,0,0,0,0,0,0,0,0
CARBIMAZOLE,CFOYWRHIYXMDOT,0,0,0,0,0,0,0,0,0,0,0,0
CARBON TETRACHLORIDE,VZGDMQKNWNREIO,0,0,0,0,0,0,0,0,0,0,0,0
CARBOPLATIN,CCQPAEQGAVNNIA,0,0,0,0,0,0,0,1,0,0,,0
CARMOFUR,AOCCBINRVIKJHY,,,,,,,,,,0,,
CARMUSTINE,DLGOEMSEDOSKAD,0,0,0,0,0,0,0,1,0,0,0,
CARVEDILOL,OGHNVEJMJSYVRP,0,0,1,0,,0,0,0,0,0,1,0
CATECHOL,YCIMNLLNPGFGHC,0,0,1,,0,1,0,1,0,0,0,0
CEFOTAXIME,GPRBEKHLDVQUJE,0,0,0,0,0,0,0,,0,,0,0
CELECOXIB,RZEKVGVHFLEQIL,0,0,0,,1,1,0,1,0,0,,0
CEPHALEXIN,ZAIPMKNFIOOWCQ,,,,,,,,,,0,,
CERIVASTATIN,SEERZIQQUAZTOL,1,,0,1,1,,,,0,0,,0
CETRAXATE,FHRSHSOEWXUORL,0,0,0,1,,0,0,0,0,0,0,0
CETYLPYRIDINIUM BROMIDE,NEUSVAOJNUQRTM,0,0,0,1,,0,,1,,,,
CHLORAMBUCIL,JCKYGMPEJWAADB,0,0,0,0,0,0,0,1,1,0,0,1
CHLORAMPHENICOL,WIIZWVCIJKGZOK,0,0,0,0,0,0,0,0,0,0,0,0
CHLORMADINONE ACETATE,QMBJSIBWORFWQT,1,1,0,,,0,0,1,0,0,,1
CHLOROBENZENE,MVPPADPHJFYWMZ,0,0,0,0,0,0,0,0,0,0,0,0
CHLOROFORM,HEDRZPFGACZZDS,0,0,0,0,,0,0,0,0,0,0,0
CHLOROXYLENOL,OSDLLIBGSJNGJE,0,0,0,0,0,0,0,0,0,0,1,0
CHLORPROMAZINE,ZPEIMTDSQAKGNT,0,0,0,0,,0,,,0,0,,1
CHLORPROPAMIDE,RKWGIWYCVPQPMF,0,0,0,0,0,0,0,0,0,0,0,0
CHLORPYRIFOS,SBPBAQFWLVIOKP,0,0,1,0,0,0,0,1,0,0,1,0
CHLORZOXAZONE,TZFWDZFKRBELIQ,0,0,0,0,0,0,0,0,0,0,,0
CHOLECALCIFEROL,QYSXJUFSXHHAJI,0,0,0,,0,0,,1,0,1,0,
CHOLIC ACID,BHQCQFFYRZLCQQ,0,0,0,0,0,0,0,0,0,0,0,0
CHOLINE CHLORIDE,OEYIOHPDSNJKLS,0,0,0,0,0,0,0,0,0,0,0,0
CILOSTAZOL,RRGUKTPIGVIEKM,0,0,0,0,0,0,0,1,0,0,0,0
CIMETIDINE,AQIXAKUUQRKLND,0,0,0,0,0,0,0,0,0,0,0,0
CINNARIZINE,DERZBLKQOCDDDZ,0,0,0,0,0,0,0,1,0,0,0,0
CIPROFLOXACIN,MYSWGUAQZAJSOK,0,0,0,0,0,0,0,,0,0,0,0
CISAPRIDE,DCSUBABJRXZOMT,0,0,,0,,0,0,0,0,0,,0
CISPLATIN,QGZKDVFQNNGYKY,0,0,0,0,0,0,0,1,0,0,0,0
CITALOPRAM,WSEQXVZVJXJVFP,0,0,0,0,0,0,0,,0,0,,0
CITRIC ACID,KRKNYBCHXYNGOX,0,0,0,0,0,0,0,0,0,0,0,0
CLARITHROMYCIN,AGOYDEPGAOXOCK,0,0,0,0,0,0,0,0,0,0,0,0
CLEMASTINE,YNNUSGIPVFPVBX,0,0,0,0,0,0,0,,0,0,,0
CLINDAMYCIN,KDLRVYVGXIQJDK,0,0,0,0,0,0,0,,0,,0,0
CLOBETASOL PROPIONATE,CBGUOGMQLZIXBE,1,1,1,,0,0,0,,0,0,1,0
CLOFIBRATE,KNHUKKLJHYUCFP,0,0,0,0,1,0,0,0,0,0,0,0
CLOFIBRIC ACID,TXCGAZHTZHNUAI,0,0,0,0,0,0,0,0,0,0,0,0
CLOMIPHENE,GKIRPKYJQBWNGO,0,0,0,1,,0,0,,0,,,
CLOMIPRAMINE,GDLIGKIOYRNHDA,0,0,0,,0,0,,0,0,0,,0
CLONIDINE,GJSURZIOUXUGAL,0,0,0,0,0,0,0,0,0,0,0,0
CLOPIDOGREL,GKTWGGQPFAXNFI,0,0,0,0,1,1,0,0,0,0,0,0
CLOSANTEL,JMPFSEBWVLAJKM,0,0,0,,,0,0,,,,1,1
CLOTRIMAZOLE,VNFPBHJOKIVQEB,0,,1,1,,,,1,0,1,,
CLOXACILLIN,LQOLIRLGBULYKD,0,0,0,0,0,0,0,0,0,0,0,0
CLOZAPINE,QZUDBNBUXVUHMW,0,0,0,0,,0,,,0,0,,0
COBALT (II) CHLORIDE,XLJKHNWPARRRJB,0,0,0,0,0,0,0,1,0,0,0,0
COBALT(II) ACETYLACETONATE,YRKCREAYFQTBPV,0,0,0,0,0,0,0,0,0,0,0,0
COLCHICINE,IAKHMKGGTNLKSZ,0,,0,0,0,0,,1,1,0,1,0
CORTISONE,MFYSYFVPBJMHGN,1,1,0,0,0,0,0,0,0,0,0,0
COUMARIN,ZYGHJZDHTFUPRJ,0,0,0,0,1,0,0,0,0,0,0,0
CROMOLYN,IMZMKUWMOSJXDT,0,0,0,0,0,0,0,0,0,0,,0
CROTAMITON,DNTGGZPQPQTDQF,0,0,0,0,0,0,0,0,0,0,0,0
CYCLOHEXIMIDE,YPHMISFOHDHNIV,0,0,0,1,,0,,,,0,,1
CYCLOPHOSPHAMIDE,CMSMOCZEIVJLDB,0,0,0,0,1,0,0,0,0,0,0,0
CYCLOSPORIN A,PMATZTZNYRCHOR,0,,0,0,0,0,,1,0,0,,0
CYPROHEPTADINE,JJCFRYNCJDLXIK,0,0,0,0,0,0,0,0,0,0,,0
CYPROTERONE ACETATE,UWFYSQMTEOIJJG,1,1,0,0,0,0,0,1,0,0,,0
CYTARABINE,UHDGCWIWMRVCDJ,0,0,0,0,1,0,0,0,0,0,0,1
D-LIMONENE,XMGQYMWWDOXHJM,0,0,0,0,,0,0,0,0,0,0,0
D-TUBOCURARINE CHLORIDE,JFJZZMVDLULRGK,0,0,0,0,0,0,0,0,0,0,0,0
DACTINOMYCIN,RJURFGZVJUQBHK,0,,0,1,,0,,,0,0,,1
DANAZOL,POZRVZJJTULAOH,1,1,0,1,1,1,0,,0,1,0,0
DAUNORUBICIN,STQGQHZAVUOBTE,0,1,,1,1,1,,,1,0,1,1
DEFERIPRONE,TZXKOCQBRNJULO,0,0,,0,0,0,0,,0,,0,0
DEXAMETHASONE,UREBDLICKHMUKA,1,1,,,0,0,0,0,0,0,0,0
DEXCHLORPHENIRAMINE,SOYKEARSMXGVTM,,0,0,,0,0,,0,0,0,0,0
DEXFENFLURAMINE,DBGIVFWFUFKIQN,0,0,0,0,0,0,0,,0,,,0
DEXIBUPROFEN,HEFNNWSXXWATRW,0,0,0,0,0,0,0,,0,,0,0
DIAZEPAM,AAOVKJBEBIDNHE,0,0,0,,,0,0,0,1,0,0,0
DIBROMOCHLOROMETHANE,GATVIKZLVQHOMN,0,0,0,0,0,0,0,0,0,0,0,0
DICHLORVOS,OEBRKCOSUFCWJD,0,0,0,0,0,0,0,1,0,0,0,0
DICLOFENAC,DCOPUUMXTXDBNB,0,0,0,0,1,0,0,,0,0,0,1
DICUMAROL,DOBMPNYZJYQDGZ,,,,,,,,1,,,,
DICYCLOMINE,CURUTKGFNZGFSE,0,0,0,,0,0,0,0,0,0,,0
DIDEOXYCYTIDINE,WREGKURFCTUGRC,0,0,0,0,0,0,0,0,0,0,0,0
DIETHANOLAMINE,ZBCBWPMODOFKDW,0,0,0,0,0,0,0,0,0,0,0,0
DIETHYLSTILBESTROL,RGLYKWWBQGJZGM,0,0,0,0,1,1,0,,0,,1,1
DIFLUNISAL,HUPFGZXOMWLGNK,0,,0,0,0,0,,,0,0,,0
DIGITONIN,UVYVLBIGDKGWPX,0,,,,,1,,,1,,,
DIGITOXIN,WDJUZGPOPHTGOT,,1,0,,,0,,,,0,1,1
DIGOXIN,LTMHDMANZUZIPE,,1,0,1,1,1,,,,0,1,1
DIMENHYDRINATE,ZZVUWRFHKOJYTH,0,0,0,0,0,1,0,0,0,0,0,0
DIMETHYL METHYLPHOSPHONATE,VONWDASPFIQPDY,0,0,0,0,0,0,0,0,0,0,0,0
DIPHENHYDRAMINE,ZZVUWRFHKOJYTH,0,0,0,0,0,1,0,0,0,0,0,0
DIPHENIDOL,OGAKLTJNUQRZJU,0,0,0,0,0,0,0,0,0,0,,0
DIPYRIDAMOLE,IZEKFCXSFNUWAM,0,,0,,,,0,,,,,1
DIPYRONE,LVWZTYCIRDMTEY,0,0,0,0,1,0,0,0,0,0,0,0
DISULFIRAM,AUZONCFQVSMFAP,0,1,1,,,0,1,,1,1,1,0
DOBUTAMINE,JRWZLRBJNMZMFE,0,0,,,0,0,0,0,0,0,,0
DOXAPRAM,XFDJYSQDBULQSI,0,0,0,0,0,0,0,,0,0,0,0
DOXAZOSIN,RUZYUOTYCVRMRZ,0,0,0,0,0,0,0,,0,0,0,0
DOXEPIN,ODQWQRRAPPTVAG,0,0,0,0,0,0,0,0,0,0,,0
DOXIFLURIDINE,ZWAOHEXOSAUJHY,0,0,0,0,1,1,0,,0,0,0,1
DOXOFYLLINE,HWXIGFIVGWUZAO,0,0,0,0,0,0,0,0,0,0,0,0
DOXORUBICIN,AOJJSUZBOXZQNB,0,1,0,1,0,1,0,1,1,0,1,1
DROPERIDOL,RMEDXOLNCUSCGS,0,0,0,0,0,0,0,0,0,0,0,0
DYPHYLLINE,KSCFJBIXMNOVSH,0,0,0,0,0,0,0,0,0,0,0,0
EBASTINE,MJJALKDDGIKVBE,0,0,,0,,0,0,,0,,,
ECONAZOLE,LEZWWPYKPKIXLL,0,,1,1,0,,0,0,0,1,,
EMETINE,AUVVAXYIELKVAI,0,0,0,1,,0,,,,0,,0
ENALAPRIL,GBXSMTUPTTWBMN,0,0,0,0,0,0,0,0,0,0,0,0
ENOXACIN,IDYZIJYBMGIQMJ,0,0,0,0,0,0,0,0,0,0,0,0
ENROFLOXACIN,SPFYMRJSYKOXGV,0,0,0,0,0,0,0,0,0,0,,0
EPALRESTAT,CHNUOJQWGUIOLD,0,0,0,,0,0,,,1,,0,0
EPERISONE,SQUNAWUMZGQQJD,0,0,0,,0,0,0,1,0,0,0,0
EPINEPHRINE,UCTWMZQNUQWSLP,0,0,,0,0,0,0,0,0,0,0,0
EPIRUBICIN,AOJJSUZBOXZQNB,0,1,0,1,0,1,0,1,1,0,1,1
ERGOCALCIFEROL,MECHNRXZTMCUDQ,0,0,0,0,1,0,,1,0,1,0,
ERLOTINIB,AAKJLRGGTJKAMG,1,0,1,1,0,0,,1,0,0,,0
ERYTHROMYCIN,ULGZDMOVFRHVEP,0,0,0,0,1,,0,,0,,0,0
ESMOLOL,AQNDDEOPVVGCPG,0,0,0,0,0,0,0,0,0,0,0,0
ESTRIOL,PROQIPRRNZUXQM,0,0,0,0,1,1,0,0,0,0,0,0
ETHACRYNIC ACID,AVOLMBLBETYQHX,0,0,0,,0,1,,1,0,1,0,1
ETHAMBUTOL,AEUTYOVWOVBAKS,0,0,0,0,0,0,0,0,0,0,0,0
ETHANOL,LFQSCWFLJHTTHZ,0,0,0,0,0,0,0,0,0,0,0,0
ETHINYLESTRADIOL,BFPYWIDHMRZLRN,0,1,0,0,1,1,0,0,0,1,1,1
ETHISTERONE,CHNXZKVNWQUJIB,1,1,0,0,1,1,0,0,0,0,0,0
ETHOSUXIMIDE,HAPOVYFOVVWLRS,0,0,0,0,0,0,0,0,0,0,0,0
ETHYLENE GLYCOL,LYCAIKOWRPUZTN,0,0,0,0,0,0,0,0,0,0,0,0
ETHYLESTRENOL,AOXRBFRFYPMWLR,,,,,,,,0,,0,,
ETIDRONATE,DBVJJBKOTRCVKF,0,0,0,0,0,0,0,0,0,0,0,0
ETODOLAC,NNYBQONXHNTVIJ,0,0,0,0,0,0,0,1,0,0,0,0
ETOPOSIDE,VJJPUSNTGOMMGY,0,0,0,0,0,0,,,0,1,0,1
EUCALYPTOL,WEEGYLXZBRQIMU,0,0,1,0,0,0,0,0,0,0,0,0
FAMCICLOVIR,GGXKWVWZWMLJEH,0,0,0,0,0,0,0,0,0,0,0,0
FAMOTIDINE,XUFQPHANEAPEMJ,0,0,0,0,0,0,0,0,0,0,0,0
FENBENDAZOLE,HDDSHPAODJUKPD,0,1,1,,1,,0,,1,,1,1
FENOFIBRATE,YMTINGFKWWXKFG,0,0,0,0,0,0,0,,0,0,0,0
FENOPROFEN,RDJGLLICXDHJDY,0,0,0,0,0,0,1,0,0,0,0,0
FINASTERIDE,DBEPLOCGEIEOCV,0,0,0,0,0,0,0,1,0,0,0,0
FLAVOXATE,SPIUTQOUKAMGCX,0,0,0,0,0,0,0,0,0,0,0,0
FLUCONAZOLE,RFHAOTPXVQNOHP,0,0,0,0,0,0,0,0,0,0,0,0
FLUNARIZINE,SMANXXCATUTDDT,0,0,0,,0,0,,0,0,0,0,
FLUOCINOLONE ACETONIDE,FEBLZLNTKCEFIT,1,0,0,,0,0,0,0,0,0,0,0
FLUOROURACIL,GHASVSINZRGABV,0,0,0,0,0,0,0,0,1,0,0,1
FLUOXETINE,RTHCYVBBDHJXIQ,0,0,0,,,0,,0,0,0,,
FLUPHENAZINE,PLDUPXSUYLZYBN,0,0,,,0,0,,,0,,,
FLURBIPROFEN,SYTBZMRGLBWNTM,0,0,0,0,1,0,,0,0,0,0,0
FLUTAMIDE,MKXKFYHWDHIYRV,0,0,0,1,,0,0,1,0,0,1,0
FLUVASTATIN,FJLGEFLZQAZZCD,0,0,1,1,0,0,,0,0,0,1,0
FOSCARNET,ZJAOAACCNHFJAH,0,0,0,0,1,1,0,0,0,0,0,0
FURAN,YLQBMQCUIZJEEH,0,0,0,0,,0,0,0,0,0,0,0
FUROSEMIDE,ZZUFCTLCJUWOSV,0,0,0,0,1,0,0,0,0,0,0,0
GABAPENTIN,UGJMXCAKCUNAIE,0,0,0,0,0,0,0,0,0,0,0,0
GADOPENTETATE DIMEGLUMINE,QPCDCPDFJACHGM,0,0,0,0,0,0,,,1,0,0,
GALANTAMINE,ASUTZQLVASHGKV,0,0,1,0,0,0,0,,0,,0,0
GALLAMINE TRIETHIODIDE,OZLPUNFFCJDMJD,0,0,0,0,0,0,0,0,0,0,0,0
GATIFLOXACIN,XUBOMFCQGDBHNK,0,0,0,0,1,0,0,0,0,0,0,0
GEFITINIB,XGALLCVXEZPNRQ,0,0,1,,,0,0,1,0,0,,
GEMCITABINE,SDUQYLNIPVEERB,0,0,0,0,0,0,,0,0,0,0,1
GEMFIBROZIL,HEMJJKBWTPKOJG,0,0,0,0,0,0,0,0,0,0,0,0
GENISTEIN,TZBJGXHYKVUXJN,0,0,1,,1,1,,1,1,0,1,1
GENTIAN VIOLET,LGLFFNDHMLKUMI,0,1,1,1,,1,1,1,0,1,1,
GERANIOL,GLZPCOQZEFWAFX,0,0,0,0,0,0,0,0,0,0,0,0
GLICLAZIDE,BOVGTQGAOIONJV,0,0,,0,0,0,0,0,0,0,0,0
GLIMEPIRIDE,WIGIZIANZCJQQY,0,,0,0,0,0,,,0,0,,0
GLIPIZIDE,ZJJXGWJIGJFDTL,0,0,0,0,0,0,0,1,0,0,0,0
GLYBURIDE,ZNNLBTZKUZBEKO,0,0,0,0,0,0,,,0,0,,0
GLYCIDOL,CTKINSOISVBQLD,0,0,0,0,0,0,0,0,0,0,0,0
GLYCINE,DHMQDGOQFOQNFH,,,,,,,,0,,0,,
GOLD SODIUM THIOMALATE,NJRXVEJTAYWCQJ,0,0,0,0,0,0,0,,0,,0,0
GRANISETRON,MFWNKCLOYSRHCJ,0,0,0,0,0,0,0,,0,,0,0
GRISEOFULVIN,DDUHZTYCFQRHIY,0,0,0,1,0,0,1,,1,0,0,1
GUANETHIDINE,ACGDKVXYNVEAGU,,,,,,,,0,,0,,
HALOPERIDOL,LNEPOXFFQSENCJ,0,0,0,0,0,0,0,,0,0,,0
"HEXACHLORO-1,3-BUTADIENE",RWNKSTSCBHKHTB,0,0,0,0,0,0,0,0,0,0,0,0
HEXACHLOROETHANE,VHHHONWQHHHLTI,,,,0,0,0,0,0,0,0,0,0
HEXACHLOROPHENE,ACGUYXCXAPNIKK,0,0,0,,,0,1,,0,1,1,1
HYDRALAZINE,RPTUSVTUFVMDQK,0,0,1,,1,,0,1,0,1,0,0
HYDRAZINE,OAKJQQAXSVQMHS,0,0,1,0,0,0,0,0,0,0,0,0
HYDROCHLOROTHIAZIDE,JZUFKLXOESDKRF,0,0,0,0,0,0,0,0,0,0,0,0
HYDROCORTISONE,JYGXADMDTFJGBT,1,1,0,,1,0,0,0,0,0,0,0
HYDROQUINONE,QIGBRXMKCJKVMJ,0,0,1,0,0,0,0,1,0,0,0,
HYDROXYUREA,VSNHCAURESNICA,0,0,0,0,0,0,0,0,0,0,0,0
IBUFENAC,CYWFCPPBTWOZSF,,,,,,,,0,,0,,
IBUPROFEN,HEFNNWSXXWATRW,0,0,0,0,0,0,0,,0,,0,0
IDARUBICIN,XDXDZDZNSLXDNA,0,1,,1,,1,,1,1,0,1,1
IDEBENONE,JGPMMRGNQUBGND,0,,0,,,0,,0,,0,,1
IFOSFAMIDE,HOMGKSMUEGBAAB,0,0,0,0,0,0,0,0,0,0,0,0
IMATINIB,KTUFNOKKBVMGRW,0,0,1,,0,0,0,,,0,1,0
INDINAVIR,CBVCZFGXHXORBI,,0,0,,,0,0,0,0,0,0,0
INDOMETHACIN,CGIGDMFJXJATDK,0,,0,0,0,0,1,0,0,0,0,0
IPRIFLAVONE,SFBODOKJTYAUCM,0,0,1,,1,0,0,1,1,0,,0
IPRONIAZID,NYMGNSNKLVNMIA,0,0,,0,1,1,0,0,0,0,0,0
IRINOTECAN,UWKQSNNFCGGAFS,0,0,0,,,0,,,0,0,1,1
ISOEUGENOL,BJIOGJUNALELMI,0,0,,,,,0,,0,0,,0
ISONIAZID,QRXWMOHMRWLFEY,0,0,1,0,0,0,0,0,0,0,0,0
ISOPRENALINE,JWZZKOKVBUJMES,0,0,1,0,0,0,0,0,0,0,0,0
ISOTRETINOIN,SHGAZHPCJJPHSC,0,0,0,,,0,1,,0,0,,0
ITRACONAZOLE,VHVPQPYKVGDNFY,0,0,,0,,0,0,1,0,0,0,0
KANAMYCIN,SBUJHOSQTJFQJX,0,0,0,0,0,0,0,0,0,0,0,0
KETAMINE,YQEZLKZALYSWHR,0,0,0,0,0,0,0,,0,,0,0
KETOCONAZOLE,XMAYWYJOQHXEEK,0,0,1,0,,0,0,1,0,1,,0
KETOPROFEN,DKYWVDODHFEZIM,0,0,0,0,0,0,0,0,0,0,0,0
KETOROLAC,OZWKMVRBQXNZKK,0,0,0,0,0,0,0,0,0,0,0,0
L-PHENYLEPHRINE,SONNWYBIRXJNDC,0,0,0,0,0,0,0,0,0,0,0,0
LABETALOL,SGUAFYQXFOLMHL,0,0,0,0,0,0,0,,0,,0,0
LACIDIPINE,GKQPCPXONLDCMU,0,,1,1,,1,1,1,,1,,1
LAMIVUDINE,JTEGQNOMFQHVDC,0,0,0,0,0,0,0,0,0,0,0,0
LAMOTRIGINE,PYZRQGJRPPTADH,0,0,,0,0,0,0,0,0,0,,0
LANSOPRAZOLE,MJIHNNLFOKEZEW,0,0,1,,,0,0,1,0,0,0,0
LEAD (II) ACETATE,QTBSBXVTEAMEQO,0,0,0,0,0,0,0,0,0,0,0,0
LEAD(IV) ACETATE,QTBSBXVTEAMEQO,0,0,0,0,0,0,0,0,0,0,0,0
LEFLUNOMIDE,VHOGYURTWQBHIL,0,,1,,0,0,0,1,1,1,1,0
LETROZOLE,HPJKCIUCZWXJDR,0,0,0,1,0,0,0,0,0,0,0,0
LEUCOVORIN,VVIAGPKUTFNRDU,0,0,0,0,0,0,0,,0,,0,0
LEVAMISOLE,HLFSDGLLUJUHTE,0,0,0,0,1,,0,0,0,0,,0
LEVOFLOXACIN,GSDSWSVVBLHKDQ,0,0,0,0,0,0,0,0,0,0,0,0
LEVOSULPIRIDE,BGRJTUBHPOOWDU,0,0,,0,0,0,0,0,0,0,,0
LIDOCAINE,NNJVILVZKWQKPM,0,0,0,0,0,0,0,0,0,0,0,0
LINCOMYCIN,OJMMVQQUTAEWLP,0,0,0,0,0,0,0,0,0,0,0,0
LISINOPRIL,RLAWWYSOJDYHDC,0,0,0,0,0,0,0,0,0,0,0,0
LOMEFLOXACIN,ZEKZLJVOYLTDKK,0,0,0,0,0,0,0,0,0,0,0,0
LOMUSTINE,GQYIWUVLTXOXAJ,,,,,,,,0,,0,,
LOPERAMIDE,RDOIQAHITMMDAJ,0,0,0,,,0,,0,0,0,0,0
LORATADINE,JCCNYMKQOSZNPW,0,0,0,0,,0,0,1,,,,1
LORAZEPAM,DIWRORZWFLOCLC,0,0,0,0,0,0,0,,0,,0,0
LOSARTAN,PSIFNNKUMBGKDQ,0,0,0,0,0,0,1,0,0,0,,0
LOVASTATIN,PCZOHLXUXFIOCF,0,0,0,1,0,0,0,1,0,0,1,0
LOXOPROFEN,YMBXTVYHTMGZDW,0,0,0,0,0,0,0,0,0,0,0,0
MANGANESE (II) CHLORIDE,WAEMQWOKJMHJLA,0,0,0,0,0,0,0,1,,0,0,0
MANNITOL,FBPFZTCFMRRESA,0,0,0,0,0,0,0,0,0,0,0,0
MAPROTILINE,QSLMDECMDJKHMQ,0,0,0,,0,0,,0,0,0,,0
MEBENDAZOLE,OPXLLQIJSORQAM,0,,1,0,0,,,1,1,0,1,1
MEFENAMIC ACID,HYYBABOKPJLUIN,0,,0,0,0,0,0,,0,0,,0
MEGESTROL ACETATE,RQZAXGRLVPAYTJ,1,,0,,0,0,0,1,0,0,,0
MELATONIN,DRLFMBDRBRZALE,0,0,1,0,1,0,0,0,0,0,0,0
MELOXICAM,ZRVUJXDFFKFLMG,1,0,0,0,1,0,0,0,0,0,1,0
MELPHALAN,SGDBTWWWUNNDEQ,0,0,0,,0,0,,0,1,0,,1
MEROPENEM,DMJNNHOOLUXYBV,0,0,0,0,0,0,0,0,0,0,,0
MESNA,ZNEWHQLOPFWXOF,0,0,0,0,0,0,0,0,0,0,0,0
MESTRANOL,IMSSROKUHAOUJS,0,0,0,0,1,1,0,1,0,0,0,0
METHAPYRILENE,HNJJXZKZRAWDPF,0,0,0,0,0,0,0,0,0,0,0,0
METHIMAZOLE,PMRYVIKBURPHAH,0,0,0,0,0,0,0,0,0,1,0,0
METHOCARBAMOL,GNXFOGHNGIVQEH,0,0,0,0,0,0,0,0,0,0,0,0
METHOTREXATE,FBOZXECLQNJBKD,0,0,0,0,0,0,,,0,0,0,1
METHYL METHANESULFONATE,MBABOKRGFJTBAE,0,0,0,0,0,0,0,0,0,0,0,0
METHYL SALICYLATE,OSWPMRLSEDHDFF,0,0,0,0,0,0,0,0,0,0,0,0
METHYLDOPA,CJCSPKMFHVPWAR,0,0,0,0,0,0,0,0,0,0,0,0
METHYLPARABEN,LXCFILQKKLGQFO,0,0,0,0,0,0,0,0,0,0,0,0
METOCLOPRAMIDE,TTWJBBZEZQICBI,0,0,0,0,0,0,0,0,0,0,0,0
METOPROLOL,IUBSYMUCCVWXPE,0,0,0,0,0,0,0,0,0,0,0,0
METRONIDAZOLE,VAOCPAMSLUNLGC,0,0,0,0,0,0,0,0,0,0,0,0
MEVASTATIN,AJLFOPYRIVGYMJ,0,0,0,1,0,0,0,,0,,0,0
MEXILETINE,VLPIATFUUWWMKC,0,0,0,0,0,0,0,0,0,0,0,0
MIANSERIN,UEQUQVLFIPOEMF,0,,0,0,,0,0,0,0,0,,0
MICONAZOLE,BYBLEWFAAKGYCD,0,0,1,1,0,0,0,,0,,0,
MIFEPRISTONE,VKHAHZOOUSRJNA,1,0,0,,,0,,1,,0,1,1
MITOMYCIN C,NWIBSHFKIJFRCO,0,0,0,,,0,,,0,0,0,1
MITOTANE,JWBOIMRXGHLCPP,0,0,0,0,1,1,0,0,0,0,1,
MITOXANTRONE,KKZJGLLVHKMTCM,0,,,,0,,0,,1,,0,1
MLN-518,UXXQOJXBIDBUAC,0,,,,0,,0,1,,0,,1
MOCLOBEMIDE,YHXISWVBGDMDLQ,1,1,0,0,1,0,0,0,0,0,0,0
MODAFINIL,YFGHCGITMMYXAQ,0,0,0,0,0,0,0,0,0,0,0,0
MONOCROTALINE,QVCMHGGNRFRMAD,0,0,0,0,0,0,0,0,0,0,0,0
MOSAPRIDE,YPELFRMCRYSPKZ,0,0,1,0,0,0,,,0,0,,0
MOXONIDINE,WPNJAUFVNXKLIM,0,0,1,,0,0,0,0,0,0,0,0
MYCOPHENOLATE MOFETIL,RTGDFNSFWBGLEC,0,,,,1,,,1,0,0,0,1
"N,N-DIMETHYLFORMAMIDE",ZMXDDKWLCZADIW,0,0,0,0,0,0,0,0,0,0,0,0
N-NITROSODIETHYLAMINE,WBNQDOYYEUMPFS,0,0,0,0,1,0,0,0,0,0,0,0
N-NITROSODIMETHYLAMINE,UMFJAHHVKNCGLG,0,0,0,0,0,0,0,0,0,0,0,0
NABUMETONE,BLXXJMDCKKHMKV,0,0,,,1,0,0,1,1,0,0,0
NADOLOL,VWPOSFSPZNDTMJ,0,0,0,0,0,0,0,0,0,0,0,0
NAFENOPIN,XJGBDJOMWKAZJS,0,0,0,0,1,0,1,,0,,0,0
NALOXONE,UZHSEJADLWPNLE,0,0,0,0,0,0,0,0,0,0,0,0
NAPROXEN,CMWTZPSULFXXJA,0,0,0,0,0,0,0,0,0,0,0,0
NATEGLINIDE,OELFLUMRDSZNSF,0,0,0,,0,0,0,0,0,0,0,0
NEOSTIGMINE BROMIDE,ALWKGYPQUAPLQC,0,0,0,0,0,0,0,0,0,0,,0
NETILMICIN,CIDUJQMULVCIBT,,,,,,,,0,,0,,
NEVIRAPINE,NQDJXKOVJZTUJA,0,0,0,0,0,0,0,0,0,0,0,0
NIACIN,PVNIIMVLHYAWGP,0,0,0,0,0,0,0,0,0,0,0,0
NIACINAMIDE,DFPAKSUCGFBDDF,0,0,0,0,0,0,0,0,0,0,0,0
NICOTINE,SNICXCGAKADSCV,0,0,0,0,0,0,0,0,0,0,0,0
NIFEDIPINE,HYIMSNHJOBLJNT,0,0,1,1,0,0,0,0,0,0,0,0
NIMESULIDE,HYWYRSMBCFDLJT,0,0,0,0,0,0,0,0,0,0,1,0
NIMETAZEPAM,GWUSZQUVEVMBPI,1,0,,,,0,0,0,1,0,,0
NIMODIPINE,UIAGMCDKSXEBJQ,0,0,1,0,0,0,0,,0,0,,0
NISOLDIPINE,VKQFCGNPDRICFG,0,,1,,,0,,,,1,,
NITRAZEPAM,KJONHKAYOJNZEC,0,0,0,0,0,0,0,0,0,0,0,0
NITRENDIPINE,PVHUJELLJLJGLN,0,0,,0,,0,0,0,0,0,1,0
NITROBENZENE,LQNUZADURLCDLV,0,0,0,0,0,0,0,0,0,0,0,0
NITROFURANTOIN,NXFQHRVNIOXGAQ,0,,0,,0,0,,1,0,0,1,0
NIZATIDINE,SGXXNSQHWDMGGP,0,0,0,0,0,0,0,0,0,0,0,0
NOREPINEPHRINE,SFLSHLFXELFNJZ,0,0,,0,0,0,0,0,0,0,0,0
NORETHINDRONE,VIKNJXKGJWUCNN,1,1,0,0,1,1,0,1,0,0,0,0
NORETHINDRONE ACETATE,IMONTRJLAWHYGT,1,1,0,,1,1,,,,,0,0
NORFLOXACIN,OGJPXUAPXNRGGI,0,0,0,0,0,0,0,0,0,0,0,0
NORTRIPTYLINE,PHVGLTMQBUFIQQ,0,0,0,,0,0,,,0,,,0
NOSCAPINE,AKNNEGZIBPJZJG,0,0,0,0,0,0,0,0,0,0,0,
NYSTATIN,VQOXZBDYSJBXMA,0,0,0,0,0,0,0,,0,,0,0
OFLOXACIN,GSDSWSVVBLHKDQ,0,0,0,0,0,0,0,0,0,0,0,0
OLANZAPINE,KVWDHTXUZHCGIO,0,0,,0,0,0,0,0,0,0,0,0
OMEPRAZOLE,SUBDBMMJDZJVOS,0,0,1,0,,0,0,1,0,0,0,0
ONDANSETRON,FELGMEQIXOGIFQ,0,0,0,0,0,0,0,0,0,0,0,0
OUABAIN,LPMXVESGRSUGHW,0,1,0,1,,0,,,,0,1,0
OXALIPLATIN,SSJXIUAHEKJCMH,0,0,0,0,0,0,0,0,0,0,0,0
OXAPROZIN,OFPXSFXSNFPTHF,0,0,0,0,,0,1,,0,0,0,0
OXCARBAZEPINE,CTRLABGOLIVAIY,0,0,,0,0,0,0,0,0,0,0,0
OXFENDAZOLE,BEZZFPOZAYTVHN,0,0,1,0,0,0,0,0,0,0,0,1
OXICONAZOLE,QRJJEGAJXVEBNE,0,0,1,1,0,0,0,,0,1,0,
OXYBUTYNIN,XIQVNETUBQGFHX,0,0,0,0,0,0,0,,0,,,0
OXYMETAZOLINE,WYWIFABBXFUGLM,0,0,0,0,0,0,0,0,0,0,0,0
OXYMETHOLONE,ICMWWNHDUZJFDW,1,1,0,,1,1,,1,0,1,,
OXYQUINOLINE,MCJGNVYPOGVAJF,0,0,0,,1,1,,0,0,0,0,1
PANTOPRAZOLE,IQPSEEYGBUAQFF,0,0,1,0,0,0,0,1,0,0,0,0
PAPAVERINE,XQYZDYMELSJDRZ,0,0,,0,,0,0,1,0,0,,0
PAROXETINE,AHOUBRCZNHFOSL,0,0,0,,,0,,,0,,,
PEMOLINE,NRNCYVBFPDDJNE,0,0,0,0,0,0,0,0,0,0,0,0
PENCICLOVIR,JNTOCHDNEULJHD,0,0,0,0,0,0,0,0,0,0,0,0
PENICILLIN G,JGSARLDLIJGVTE,0,0,0,0,0,0,0,0,0,0,0,0
PENTAMIDINE,XDRYMKDFEDOLFX,0,0,0,1,,0,0,1,,0,1,0
PENTOBARBITAL,WEXRUCMBJFQVBZ,0,0,0,0,0,0,0,,0,,0,0
PENTOXIFYLLINE,BYPFEZZEUUWMEJ,0,0,0,0,0,0,0,0,0,0,0,0
PERGOLIDE,YEHCICAEULNIGD,0,0,,0,,0,0,0,0,0,0,0
PERHEXILINE,CYXKNKQEMFBLER,0,,,,,,,,,,1,
PHENACEMIDE,XPFRXWCVYUEORT,0,0,0,0,1,0,0,0,0,0,0,0
PHENACETIN,CPJSUEIXXCENMM,0,0,0,0,0,0,0,0,0,0,0,0
PHENELZINE,RMUCZJUITONUFY,1,0,1,,1,0,0,1,0,0,0,0
PHENOBARBITAL,DDBREPKUVSBGFI,0,0,0,0,0,0,0,0,0,0,0,0
PHENOTHIAZINE,WJFKNYWRSNBZNX,0,0,0,0,1,0,0,0,0,0,1,0
PHENTOLAMINE,MRBDMNSDAVCSSF,0,0,0,0,,0,0,,0,0,,
PHENYLBUTAZONE,VYMDGNCVAMGZFE,0,0,0,0,0,0,0,0,0,0,1,0
PHENYLHYDRAZINE,HKOOXMFOFWEVGF,0,0,1,0,0,0,,1,0,0,1,0
PHENYTOIN,CXOFVDLJLONNDW,0,0,0,0,0,0,0,0,0,0,0,0
PIOGLITAZONE,HYAFETHFCAUJAY,0,0,0,0,,0,1,1,0,0,1,0
PIRACETAM,GMZVRMREEHBGGF,0,0,0,0,0,0,0,0,0,0,0,0
PIRINIXIC ACID,SZRPDCCEHVWOJX,0,,0,0,0,0,1,,0,0,0,0
PIROXICAM,QYSPLQLAKJAUJT,0,0,1,0,0,0,0,0,0,0,1,0
PODOPHYLLOTOXIN,YJGVMLPVUAXIQN,0,,1,0,0,,,,1,0,1,0
PRALIDOXIME CHLORIDE,JBKPUQTUERUYQE,0,0,0,0,0,0,0,0,0,0,0,0
PRAMOXINE,DQKXQSGTHWVTAD,0,0,,,0,0,0,1,0,0,,0
PRAVASTATIN,TUZYXOIXSAXUGO,0,0,0,0,0,0,0,0,0,0,0,0
PRAZIQUANTEL,FSVJFNAIGNNGKK,0,0,0,0,1,0,0,0,0,0,0,0
PRAZOSIN,IENZQIKPVFGBNW,0,,,,0,0,0,0,,0,0,
PREDNISOLONE,OIGNJSKKLXVSLS,1,1,0,,0,0,0,0,0,0,0,0
PREDNISONE,XOFYZVNMUHMLCC,1,1,0,0,1,0,0,0,0,0,0,0
PRIMAQUINE,INDBQLZJXZLFIT,0,0,,0,,0,0,,0,0,0,0
PRIMIDONE,DQMZLTXERSFNPB,0,0,0,0,0,0,0,0,0,0,0,0
PROBENECID,DBABZHXKTCFAPX,1,0,0,0,0,1,0,0,0,0,0,0
PROCAINAMIDE,REQCZEXYDRLIBE,0,0,0,0,0,0,0,0,0,0,0,0
PROCAINE,MFDFERRIHVXMIY,0,0,0,0,0,0,0,0,0,0,0,0
PROCARBAZINE,CPTBDICYNRMXFX,0,0,,0,0,0,0,0,0,0,0,0
PROCHLORPERAZINE,WIKYUJGCLQQFNW,0,0,1,,,0,,,,0,,
PROGESTERONE,RJKFOVLPORLFTN,1,1,0,0,1,0,,,0,0,,0
PROGLUMIDE,DGMKFQYCZXERLX,0,0,0,0,0,0,0,0,0,0,0,0
PROMAZINE,ZGUGWUXLJSTTMA,1,0,0,,0,0,0,0,0,0,,0
PROMETHAZINE,PWWVAXIEGOYWEE,0,0,0,0,0,0,0,0,0,0,,0
PROPRANOLOL,AQHHHDLHHXJYJD,0,0,,0,0,0,0,0,0,0,,0
PROPYLENE GLYCOL,DNIAPMSPPWPWGF,0,0,0,0,0,0,0,0,0,0,0,0
PROPYLTHIOURACIL,KNAHARQHSZJURB,0,0,0,0,1,0,0,0,0,0,0,0
PYRAZINAMIDE,IPEHBUMCGVEMRF,0,0,0,0,0,0,0,0,0,0,0,0
PYRIDINE,JUJWROOIHBZHMG,0,0,0,0,0,0,0,0,0,0,0,0
PYRILAMINE,YECBIJXISLIIDS,0,0,0,0,0,0,0,0,0,0,1,0
PYROGALLOL,WQGWDDDVZFFDIG,0,0,1,0,1,1,0,0,0,0,1,1
QUETIAPINE,URKOMYMAXPYINW,0,0,0,0,0,0,0,0,0,0,,0
QUINAPRIL,JSDRRTOADPPCHY,0,0,1,0,0,0,0,0,0,0,0,0
RABEPRAZOLE,YREYEVIYCVEVJK,1,0,1,,,0,0,1,0,0,0,0
RACEPINEPHRINE,UCTWMZQNUQWSLP,0,0,,0,0,0,0,0,0,0,0,0
RALOXIFENE,GZUITABIAKMVPG,0,,0,1,,,,0,0,1,1,1
RAMIPRIL,HDACQVRGBOVJII,0,0,0,0,0,0,0,0,0,0,,0
RANITIDINE,VMXUWOKSQNHOCA,0,0,0,0,0,0,0,0,0,0,0,0
RAPAMYCIN,QFJCIRLUMZQUOT,0,,0,1,,0,,,,,1,
RIFAMPIN,JQXXHWHPUNPDRT,0,0,0,0,0,0,0,0,0,0,1,0
RIFAPENTINE,WDZCUPBHRAEYDL,0,0,0,,,0,,,0,,1,
RISPERIDONE,RAPZEAPATHNIPO,0,0,0,0,0,0,0,,0,0,0,0
RITONAVIR,NCDNCNXCDXHOMX,0,0,0,0,,0,,,,0,0,0
ROFECOXIB,RZJQGNCSTQAWON,0,0,0,0,0,0,0,,0,,0,0
ROLIPRAM,HJORMJIFDVBMOB,0,0,0,0,0,0,0,0,0,0,0,0
ROSIGLITAZONE,YASAKCUCGLMORW,0,,0,0,0,0,1,1,0,0,1,0
ROXARSONE,XMVJITFPVVRMHC,0,0,0,0,0,0,0,0,0,0,0,0
ROXITHROMYCIN,RXZBMPWDPOLZGW,0,0,0,0,0,0,0,0,0,0,0,0
SAFROLE,ZMQAAUBTXCXRIC,0,0,0,0,0,0,0,0,0,0,0,0
SALICYLAMIDE,SKZKKFZAGNVIMN,0,0,0,0,0,0,0,0,0,0,0,0
SALICYLIC ACID,YGSDEFSMJLZEOE,0,0,0,0,0,0,0,0,0,0,0,0
SAQUINAVIR,QWAXKHKRTORLEM,0,0,0,,,0,,,,,1,
SECOBARBITAL,KQPKPCNLIDLUMF,0,0,0,0,0,0,0,0,0,0,0,0
SERTRALINE,VGKDLMBJGBXTGI,0,0,0,,,0,,,,,,
SIBUTRAMINE,UNAANXDKBXWMLN,0,0,0,0,0,0,0,0,0,0,0,0
SILDENAFIL,BNRNXUUZRGQAQC,0,0,0,0,0,0,0,0,0,0,,0
SIMVASTATIN,RYMZZMVNJRMUDD,1,0,0,1,1,0,0,1,0,,,0
SISOMICIN,URWAJWIAIPFPJE,,,,,,,,0,,0,,
SODIUM SELENITE,MCAHWIHFGHIESP,0,0,0,0,0,0,0,0,,0,0,0
SOTALOL,ZBMZVLHSJCTVON,1,0,0,0,0,0,0,0,0,0,0,0
SPARFLOXACIN,DZZWHBIBMUVIIW,1,0,0,0,0,0,0,0,0,0,0,0
SPARTEINE,SLRCCWJSBJZJBV,0,0,0,0,0,0,0,0,0,0,0,0
SPIRONOLACTONE,LXMSZDCAJNLERA,1,1,0,1,0,0,,,0,0,,1
STAVUDINE,XNKLLVCARDGLGL,0,0,0,0,0,0,0,0,0,0,0,0
STREPTOMYCIN,UCSJYZPVAKXKNQ,0,0,0,0,0,0,0,,0,,0,0
STREPTOZOTOCIN,ZSJLQEPLLKMAKR,0,0,0,0,0,0,0,0,0,0,0,0
SULBACTAM,FKENQMMABCRJMK,0,0,0,0,0,0,,,0,0,0,
SULCONAZOLE,AFNXATANNDIXLG,0,0,0,1,0,0,0,,0,1,,
SULFADIAZINE,SEEPANYCNGTZFQ,0,0,0,0,0,0,0,,0,,0,0
SULFADIMETHOXINE,ZZORFUFYDOWNEF,0,0,0,0,0,0,0,0,0,0,0,0
SULFADOXINE,PJSFRIWCGOHTNF,0,0,0,0,0,0,0,0,0,0,0,0
SULFAMETHOXAZOLE,JLKIGFTWXXRPMT,0,0,0,0,0,0,0,0,0,0,0,0
SULFANILAMIDE,FDDDEECHVMSUSB,0,0,0,1,0,0,0,0,0,0,0,0
SULFAPHENAZOLE,QWCJHSGMANYXCW,0,0,0,0,0,0,0,0,0,0,0,0
SULFATHIAZOLE,JNMRHUJNCSQMMB,0,0,0,0,0,0,0,0,0,1,0,0
SULFINPYRAZONE,MBGGBVCUIVRRBF,0,0,0,0,0,0,0,0,0,0,0,0
SULFISOXAZOLE,NHUHCSRWZMLRLA,0,1,0,0,1,0,0,0,0,0,0,0
SULINDAC,MLKXDPUZXIRXEP,0,0,1,0,0,0,0,1,0,0,0,0
SULPIRIDE,BGRJTUBHPOOWDU,0,0,,0,0,0,0,0,0,0,,0
SUMATRIPTAN,KQKPFRSPSRPDEB,0,0,0,0,0,0,0,0,0,0,,0
SUXAMETHONIUM CHLORIDE,AXOIZCJOOAYSMI,0,0,0,0,0,0,0,0,0,0,0,0
TACRINE,YLJREFDVOIBQDA,0,0,1,0,1,0,0,0,0,0,0,0
TACROLIMUS,QJJXYPPXXYFBGM,0,0,0,,0,0,,,,,1,0
TAMOXIFEN,NKANXQFJJICGDU,0,0,0,1,1,1,0,,0,,,
TAZOBACTAM,LPQZKKCYTLCDGQ,0,0,0,0,0,,,,0,0,,
TEGAFUR,WFWLQNSHRPWKFK,0,0,0,0,0,0,0,0,0,0,0,0
TEMAFLOXACIN,QKDHBVNJCZBTMR,0,0,0,0,0,0,0,0,0,0,0,0
TENIDAP,IZSFDUMVCVVWKW,0,,1,,,0,,,,0,1,1
TERAZOSIN,VCKUSRYTPJJLNI,0,0,0,0,0,0,0,0,0,0,,0
TERBINAFINE,DOMXUEMWDBAQBQ,0,0,0,0,0,0,0,,0,0,0,0
TERBUTALINE,XWTYSIMOBUGWOL,0,0,0,0,0,0,0,0,0,0,0,0
TERFENADINE,GUGOEEXESWIERI,0,0,0,0,0,0,0,,0,,,
TESTOSTERONE,MUMGGOZAMZWBJJ,1,1,0,,1,1,0,,0,,0,0
TETRACAINE,GKCBAIGFKIBETG,0,0,,,0,0,0,0,0,0,0,0
THALIDOMIDE,UEJJHQNACJXSKW,0,0,0,0,0,0,0,0,0,0,0,0
THEOPHYLLINE,ZFXYFBGIUFBOJW,0,0,0,0,1,0,0,0,0,0,0,0
THIABENDAZOLE,WJCNZQLZVWNLKY,0,0,1,,1,0,0,0,1,0,0,0
THIAMPHENICOL,OTVAEFIXJLOWRX,0,0,0,0,0,0,0,0,0,0,0,0
THIMEROSAL,HXQVQGWHFRNKMS,0,1,,,,1,1,1,1,1,,1
THIOACETAMIDE,YUKQRDCYNOVPGJ,0,0,,0,0,0,0,0,0,0,0,0
THIOGUANINE,WYWHKKSPHMUBEB,0,0,1,1,1,1,0,1,0,0,0,1
THIORIDAZINE,KLBQZWRITKRQQV,0,0,0,,,0,,,,0,,
TIAPRIDE,JTVPZMFULRWINT,0,0,0,0,0,0,0,0,0,0,0,0
TICLOPIDINE,PHWBOXQYWZNQIN,0,0,0,0,1,1,0,0,0,0,,0
TICRYNAFEN,AGHANLSBXUWXTB,0,0,0,0,0,0,0,,0,,0,0
TIMOLOL,BLJRIMJGRPQVNF,0,0,0,0,0,0,0,0,0,0,0,0
TINIDAZOLE,HJLSLZFTEKNLFI,0,0,0,0,1,1,0,0,0,0,0,0
TOBRAMYCIN,NLVFBUXFDBBNBW,0,0,0,0,0,0,0,,0,,0,0
TOCAINIDE,BUJAGSGYPOAWEI,0,0,0,0,0,0,0,0,0,0,0,0
TOLAZAMIDE,OUDSBRTVNLOZBN,0,0,0,0,1,0,0,0,0,0,0,0
TORSEMIDE,NGBFQHCMQULJNZ,0,0,0,0,0,0,,0,0,0,0,0
TOSUFLOXACIN,WUWFMDMBOJLQIV,0,1,,0,0,0,,1,0,0,0,0
TRAMADOL,TVYLLZQTGLZFBW,0,0,0,0,0,0,0,0,0,0,0,0
TRANEXAMIC ACID,GYDJEQRTZSCIOI,0,0,0,0,0,0,0,,0,,0,0
TRANILAST,NZHGWWWHIYHZNX,0,,,,0,0,,,1,,,0
TRANS-PLATINUM(II)DIAMMINE DICHLORIDE,QGZKDVFQNNGYKY,0,0,0,0,0,0,0,1,0,0,0,0
TRETINOIN,SHGAZHPCJJPHSC,0,0,0,,,0,1,,0,0,,0
TRIACETIN,URAYPUMNDPQOKB,0,0,1,0,1,0,0,0,0,0,0,0
TRIAMTERENE,FNYLWPVRPXGIIP,0,,1,,1,,,,1,,0,1
TRICHLOROACETIC ACID,YNJBWRMUSHSURL,0,0,0,0,0,0,0,0,0,0,0,0
TRICHLOROETHANE,UOCLXMDMGBRAIB,0,0,0,0,0,0,0,0,0,0,0,0
TRICHLOROETHYLENE,XSTXAVWGXDQKEL,0,0,0,0,0,0,0,0,0,0,,0
TRIHEXYPHENIDYL,HWHLPVGTWGOCJO,0,0,0,0,0,0,0,0,0,0,,0
TRIMETHADIONE,IRYJRGCIQBGHIV,0,0,0,0,0,0,0,0,0,0,0,0
TROGLITAZONE,GXPHKUHSUJUWKP,0,0,0,,,0,1,1,0,1,1,1
TROPISETRON,ZNRGQMMCGHDTEI,0,0,0,0,0,0,0,0,0,0,0,0
TROVAFLOXACIN,WVPSKSLAZQPAKQ,0,1,0,1,,,1,1,0,0,,1
TROXIPIDE,YSIITVVESCNIPR,0,0,0,0,0,0,0,0,0,0,0,0
UBENIMEX,VGGGPCQERPFHOB,1,0,0,0,0,0,0,,0,,0,0
URETHANE,JOYRKODLDBILNP,0,0,0,0,0,0,0,0,0,0,0,0
VALACYCLOVIR,HDOVUKNUBWVHOX,0,0,0,0,0,0,0,0,0,0,0,0
VALDECOXIB,LNPDTQAFDNKSHK,0,,0,0,0,0,0,0,0,0,,0
VALPROIC ACID,NIJJYAXOARWZEE,0,0,0,0,0,0,0,0,0,0,0,0
VALSARTAN,ACWBQPMHZXGDFX,0,0,0,0,0,0,0,,0,,0,0
VANCOMYCIN,MYPYJXKWCTUITO,1,0,0,0,0,0,0,,0,,0,0
VECURONIUM BROMIDE,BGSZAXLLHYERSY,0,0,0,0,1,0,0,,0,0,0,0
VENLAFAXINE,PNVNVHUZROJLTJ,0,0,0,0,0,0,0,0,0,0,0,0
VERAPAMIL,SGTNSNPWRIOYBX,0,0,0,0,,0,,0,0,0,,0
VINBLASTINE,JXLYSJRDGCGARV,0,,0,,,,,1,1,1,1,1
VINCRISTINE,OGWKCGZFUXNPDA,0,,,0,,,,,1,0,,
VINORELBINE,GBABOYUKABKIAF,,,,,,,,,,0,,
WARFARIN,PJVWKTKQMONHTI,0,0,0,0,0,0,1,0,0,0,1,0
ZALEPLON,HUNXMJYCHXQEGX,0,0,0,,0,0,0,0,0,0,0,0
ZIDOVUDINE,HBOMLICNUCNMMY,0,0,0,0,1,0,0,0,0,0,0,0
ZILEUTON,MWLSOWXNZPKENC,0,0,,0,0,0,1,0,0,0,0,0
ZOMEPIRAC,ZXVNMYWKKDOREA,1,0,0,0,0,0,0,1,0,0,0,0
ZOPICLONE,GBBSUAFBMRNDJC,0,0,0,0,0,0,0,0,0,0,,0
