connectivity,NR-AR,NR-AR-LBD,NR-AhR,NR-Aromatase,NR-ER,NR-ER-LBD,NR-PPAR-gamma,SR-ARE,SR-ATAD5,SR-HSE,SR-MMP,SR-p53
AAKJLRGGTJKAMG,1,0,1,1,0,0,,1,0,0,,0
AAOVKJBEBIDNHE,0,0,0,,,0,0,0,1,0,0,0
ACGUYXCXAPNIKK,0,0,0,,,0,1,,0,1,1,1
AFZSMODLJJCVPP,0,0,0,0,0,0,0,1,0,1,0,0
AOJJSUZBOXZQNB,0,1,0,1,0,1,0,1,1,0,1,1
AOXRBFRFYPMWLR,,,,,,,,0,,0,,
BEZZFPOZAYTVHN,0,0,1,0,0,0,0,0,0,0,0,1
BFPYWIDHMRZLRN,0,1,0,0,1,1,0,0,0,1,1,1
BJIOGJUNALELMI,0,0,,,,,0,,0,0,,0
BJQHLKABXJIVAM,0,0,0,0,0,0,0,0,0,0,,0
BLUAFEHZUWYNDE,,,,,,,,,,0,,
BNRNXUUZRGQAQC,0,0,0,0,0,0,0,0,0,0,,0
BSYNRYMUTXBXSQ,0,0,0,0,0,0,0,0,0,0,0,0
BYBLEWFAAKGYCD,0,0,1,1,0,0,0,,0,,0,
BZKPWHYZMXOIDC,0,0,0,0,0,0,0,0,0,0,0,0
CFOYWRHIYXMDOT,0,0,0,0,0,0,0,0,0,0,0,0
CGIGDMFJXJATDK,0,,0,0,0,0,1,0,0,0,0,0
CHNXZKVNWQUJIB,1,1,0,0,1,1,0,0,0,0,0,0
CMWTZPSULFXXJA,0,0,0,0,0,0,0,0,0,0,0,0
CPTBDICYNRMXFX,0,0,,0,0,0,0,0,0,0,0,0
CZIHNRWJTSTCEX,0,0,1,,1,0,0,1,1,0,1,0
DBEPLOCGEIEOCV,0,0,0,0,0,0,0,1,0,0,0,0
DCOPUUMXTXDBNB,0,0,0,0,1,0,0,,0,0,0,1
DDBREPKUVSBGFI,0,0,0,0,0,0,0,0,0,0,0,0
DERZBLKQOCDDDZ,0,0,0,0,0,0,0,1,0,0,0,0
DIWRORZWFLOCLC,0,0,0,0,0,0,0,,0,,0,0
DKNWSYNQZKUICI,0,0,0,0,0,0,0,0,0,0,0,0
DLGOEMSEDOSKAD,0,0,0,0,0,0,0,1,0,0,0,
DNTGGZPQPQTDQF,0,0,0,0,0,0,0,0,0,0,0,0
DQKXQSGTHWVTAD,0,0,,,0,0,0,1,0,0,,0
DQMZLTXERSFNPB,0,0,0,0,0,0,0,0,0,0,0,0
FBOZXECLQNJBKD,0,0,0,0,0,0,,,0,0,0,1
FEBLZLNTKCEFIT,1,0,0,,0,0,0,0,0,0,0,0
FFGPTBGBLSHEPO,1,1,0,0,0,0,0,0,0,0,0,0
FJLGEFLZQAZZCD,0,0,1,1,0,0,,0,0,0,1,0
GBABOYUKABKIAF,,,,,,,,,,0,,
GCKMFJBGXUYNAG,1,1,0,0,1,1,0,,0,0,0,1
GDLIGKIOYRNHDA,0,0,0,,0,0,,0,0,0,,0
GKIRPKYJQBWNGO,0,0,0,1,,0,0,,0,,,
GLVAUDGFNGKCSF,0,0,1,,0,0,,1,0,0,0,1
GQYIWUVLTXOXAJ,,,,,,,,0,,0,,
GWUSZQUVEVMBPI,1,0,,,,0,0,0,1,0,,0
GXPHKUHSUJUWKP,0,0,0,,,0,1,1,0,1,1,1
GZUITABIAKMVPG,0,,0,1,,,,0,0,1,1,1
HDDSHPAODJUKPD,0,1,1,,1,,0,,1,,1,1
HEDRZPFGACZZDS,0,0,0,0,,0,0,0,0,0,0,0
HEFNNWSXXWATRW,0,0,0,0,0,0,0,,0,,0,0
HEMJJKBWTPKOJG,0,0,0,0,0,0,0,0,0,0,0,0
HGUFODBRKLSHSI,0,0,1,,0,0,0,1,0,0,,0
HJORMJIFDVBMOB,0,0,0,0,0,0,0,0,0,0,0,0
HNJJXZKZRAWDPF,0,0,0,0,0,0,0,0,0,0,0,0
HOMGKSMUEGBAAB,0,0,0,0,0,0,0,0,0,0,0,0
HPJKCIUCZWXJDR,0,0,0,1,0,0,0,0,0,0,0,0
HTIQEAQVCYTUBX,0,1,0,1,0,,1,,0,,,1
HXHWSAZORRCQMX,0,,1,,1,0,0,0,1,1,1,1
HYAFETHFCAUJAY,0,0,0,0,,0,1,1,0,0,1,0
HYWYRSMBCFDLJT,0,0,0,0,0,0,0,0,0,0,1,0
ICMWWNHDUZJFDW,1,1,0,,1,1,,1,0,1,,
IDYZIJYBMGIQMJ,0,0,0,0,0,0,0,0,0,0,0,0
IIBYAHWJQTYFKB,0,0,0,0,0,0,1,0,0,0,0,0
IISBACLAFKSPIT,0,0,,0,1,1,,1,0,0,1,0
IMONTRJLAWHYGT,1,1,0,,1,1,,,,,0,0
IMSSROKUHAOUJS,0,0,0,0,1,1,0,1,0,0,0,0
IPOKCKJONYRRHP,0,0,0,0,0,0,0,0,0,0,,0
IQPSEEYGBUAQFF,0,0,1,0,0,0,0,1,0,0,0,0
IYIKLHRQXLHMJQ,0,0,0,0,0,0,,0,0,,,0
JCKYGMPEJWAADB,0,0,0,0,0,0,0,1,1,0,0,1
JFIOVJDNOJYLKP,0,0,0,,,0,,0,0,1,1,1
JGPMMRGNQUBGND,0,,0,,,0,,0,,0,,1
JMPFSEBWVLAJKM,0,0,0,,,0,0,,,,1,1
JXLYSJRDGCGARV,0,,0,,,,,1,1,1,1,1
JYGXADMDTFJGBT,1,1,0,,1,0,0,0,0,0,0,0
KJONHKAYOJNZEC,0,0,0,0,0,0,0,0,0,0,0,0
KNAHARQHSZJURB,0,0,0,0,1,0,0,0,0,0,0,0
KNHUKKLJHYUCFP,0,0,0,0,1,0,0,0,0,0,0,0
KTUFNOKKBVMGRW,0,0,1,,0,0,0,,,0,1,0
KVWDHTXUZHCGIO,0,0,,0,0,0,0,0,0,0,0,0
LEZWWPYKPKIXLL,0,,1,1,0,,0,0,0,1,,
LFQSCWFLJHTTHZ,0,0,0,0,0,0,0,0,0,0,0,0
LGLFFNDHMLKUMI,0,1,1,1,,1,1,1,0,1,1,
LGXVIGDEPROXKC,0,0,0,0,0,0,0,0,0,0,0,0
LMEKQMALGUDUQG,0,0,1,,0,0,0,1,0,0,,1
LTMHDMANZUZIPE,,1,0,1,1,1,,,,0,1,1
LXMSZDCAJNLERA,1,1,0,1,0,0,,,0,0,,1
MFYSYFVPBJMHGN,1,1,0,0,0,0,0,0,0,0,0,0
MLKXDPUZXIRXEP,0,0,1,0,0,0,0,1,0,0,0,0
MUMGGOZAMZWBJJ,1,1,0,,1,1,0,,0,,0,0
MWLSOWXNZPKENC,0,0,,0,0,0,1,0,0,0,0,0
NIJJYAXOARWZEE,0,0,0,0,0,0,0,0,0,0,0,0
NKANXQFJJICGDU,0,0,0,1,1,1,0,,0,,,
NNYBQONXHNTVIJ,0,0,0,0,0,0,0,1,0,0,0,0
NRNCYVBFPDDJNE,0,0,0,0,0,0,0,0,0,0,0,0
NWIBSHFKIJFRCO,0,0,0,,,0,,,0,0,0,1
OAKJQQAXSVQMHS,0,0,1,0,0,0,0,0,0,0,0,0
OGHNVEJMJSYVRP,0,0,1,0,,0,0,0,0,0,1,0
OIGNJSKKLXVSLS,1,1,0,,0,0,0,0,0,0,0,0
OPXLLQIJSORQAM,0,,1,0,0,,,1,1,0,1,1
OSDLLIBGSJNGJE,0,0,0,0,0,0,0,0,0,0,1,0
OSWPMRLSEDHDFF,0,0,0,0,0,0,0,0,0,0,0,0
OUGIDAPQYNCXRA,,0,1,1,1,0,0,1,1,0,,0
OZWKMVRBQXNZKK,0,0,0,0,0,0,0,0,0,0,0,0
PCZOHLXUXFIOCF,0,0,0,1,0,0,0,1,0,0,1,0
PLDUPXSUYLZYBN,0,0,,,0,0,,,0,,,
PMATZTZNYRCHOR,0,,0,0,0,0,,1,0,0,,0
PMRYVIKBURPHAH,0,0,0,0,0,0,0,0,0,1,0,0
POZRVZJJTULAOH,1,1,0,1,1,1,0,,0,1,0,0
PPQNQXQZIWHJRB,0,0,1,,,,,1,0,,1,0
PROQIPRRNZUXQM,0,0,0,0,1,1,0,0,0,0,0,0
PWWVAXIEGOYWEE,0,0,0,0,0,0,0,0,0,0,,0
QTBSBXVTEAMEQO,0,0,0,0,0,0,0,0,0,0,0,0
QYSXJUFSXHHAJI,0,0,0,,0,0,,1,0,1,0,
RFHAOTPXVQNOHP,0,0,0,0,0,0,0,0,0,0,0,0
RGLYKWWBQGJZGM,0,0,0,0,1,1,0,,0,,1,1
RJKFOVLPORLFTN,1,1,0,0,1,0,,,0,0,,0
ROBVIMPUHSLWNV,0,0,0,1,0,0,0,0,0,0,0,0
RQZAXGRLVPAYTJ,1,,0,,0,0,0,1,0,0,,0
RXZBMPWDPOLZGW,0,0,0,0,0,0,0,0,0,0,0,0
RYMZZMVNJRMUDD,1,0,0,1,1,0,0,1,0,,,0
RZJQGNCSTQAWON,0,0,0,0,0,0,0,,0,,0,0
RZVAJINKPMORJF,0,0,0,0,0,0,0,0,0,0,0,0
SEERZIQQUAZTOL,1,,0,1,1,,,,0,0,,0
SHGAZHPCJJPHSC,0,0,0,,,0,1,,0,0,,0
SIYLLGKDQZGJHK,0,,0,,,0,0,1,,,1,
SKZKKFZAGNVIMN,0,0,0,0,0,0,0,0,0,0,0,0
STQGQHZAVUOBTE,0,1,,1,1,1,,,1,0,1,1
SZRPDCCEHVWOJX,0,,0,0,0,0,1,,0,0,0,0
TXCGAZHTZHNUAI,0,0,0,0,0,0,0,0,0,0,0,0
TZBJGXHYKVUXJN,0,0,1,,1,1,,1,1,0,1,1
UHDGCWIWMRVCDJ,0,0,0,0,1,0,0,0,0,0,0,1
ULGZDMOVFRHVEP,0,0,0,0,1,,0,,0,,0,0
UMFJAHHVKNCGLG,0,0,0,0,0,0,0,0,0,0,0,0
UREBDLICKHMUKA,1,1,,,0,0,0,0,0,0,0,0
UUVWYPNAQBNQJQ,0,0,0,0,0,0,0,0,0,0,0,0
UWFYSQMTEOIJJG,1,1,0,0,0,0,0,1,0,0,,0
UXXQOJXBIDBUAC,0,,,,0,,0,1,,0,,1
UYIFTLBWAOGQBI,1,1,0,0,1,1,0,,0,,,0
VHOGYURTWQBHIL,0,,1,,0,0,0,1,1,1,1,0
VHVPQPYKVGDNFY,0,0,,0,,0,0,1,0,0,0,0
VIKNJXKGJWUCNN,1,1,0,0,1,1,0,1,0,0,0,0
VKHAHZOOUSRJNA,1,0,0,,,0,,1,,0,1,1
VNFPBHJOKIVQEB,0,,1,1,,,,1,0,1,,
VOXZDWNPVJITMN,1,1,0,1,1,1,0,0,0,0,1,1
VQOXZBDYSJBXMA,0,0,0,0,0,0,0,,0,,0,0
VZGDMQKNWNREIO,0,0,0,0,0,0,0,0,0,0,0,0
WBNQDOYYEUMPFS,0,0,0,0,1,0,0,0,0,0,0,0
WJCNZQLZVWNLKY,0,0,1,,1,0,0,0,1,0,0,0
WJFKNYWRSNBZNX,0,0,0,0,1,0,0,0,0,0,1,0
WQGWDDDVZFFDIG,0,0,1,0,1,1,0,0,0,0,1,1
WSEQXVZVJXJVFP,0,0,0,0,0,0,0,,0,0,,0
WUBBRNOQWQTFEX,0,0,0,0,0,0,0,0,0,0,0,0
WUWFMDMBOJLQIV,0,1,,0,0,0,,1,0,0,0,0
WYWHKKSPHMUBEB,0,0,1,1,1,1,0,1,0,0,0,1
WYWIFABBXFUGLM,0,0,0,0,0,0,0,0,0,0,0,0
XGALLCVXEZPNRQ,0,0,1,,,0,0,1,0,0,,
XJGBDJOMWKAZJS,0,0,0,0,1,0,1,,0,,0,0
XMAYWYJOQHXEEK,0,0,1,0,,0,0,1,0,1,,0
XNKLLVCARDGLGL,0,0,0,0,0,0,0,0,0,0,0,0
XUKUURHRXDUEBC,0,0,0,1,1,0,0,,0,0,,0
XXROGKLTLUQVRX,0,0,0,0,0,0,0,0,0,0,0,0
YASAKCUCGLMORW,0,,0,0,0,0,1,1,0,0,1,0
YBBLVLTVTVSKRW,0,0,0,1,0,0,0,0,0,0,0,0
YCIMNLLNPGFGHC,0,0,1,,0,1,0,1,0,0,0,0
YFGHCGITMMYXAQ,0,0,0,0,0,0,0,0,0,0,0,0
YGSDEFSMJLZEOE,0,0,0,0,0,0,0,0,0,0,0,0
YMTINGFKWWXKFG,0,0,0,0,0,0,0,,0,0,0,0
YNJBWRMUSHSURL,0,0,0,0,0,0,0,0,0,0,0,0
YREYEVIYCVEVJK,1,0,1,,,0,0,1,0,0,0,0
YUKQRDCYNOVPGJ,0,0,,0,0,0,0,0,0,0,0,0
ZBMZVLHSJCTVON,1,0,0,0,0,0,0,0,0,0,0,0
ZEKZLJVOYLTDKK,0,0,0,0,0,0,0,0,0,0,0,0
ZJJXGWJIGJFDTL,0,0,0,0,0,0,0,1,0,0,0,0
ZMQAAUBTXCXRIC,0,0,0,0,0,0,0,0,0,0,0,0
ZMXDDKWLCZADIW,0,0,0,0,0,0,0,0,0,0,0,0
ZNRGQMMCGHDTEI,0,0,0,0,0,0,0,0,0,0,0,0
ZRVUJXDFFKFLMG,1,0,0,0,1,0,0,0,0,0,1,0
ZSJLQEPLLKMAKR,0,0,0,0,0,0,0,0,0,0,0,0
ZXVNMYWKKDOREA,1,0,0,0,0,0,0,1,0,0,0,0
